term,estimate
(Intercept),7.653058543861787
agreement,-4.651983203217705
GenderMale,-0.1328237339399878
agreement:GenderMale,2.032378993623183
