term,estimate
(Intercept),7.739431911363791
agreement,-5.501576264621032
GenderMale,-0.05327288704216901
agreement:GenderMale,1.3665701936100543
