term,estimate
(Intercept),7.653786037563471
agreement,-4.618814358422199
GenderMale,-0.13515132953972483
agreement:GenderMale,2.0630437321414963
